<button>
  <style name="highlight" border_color="#a0a0a0"  text_color="black">
    <normal     bg_color="#a8b0b0" />
    <pressed    bg_color="#c0c0c0" />
    <over       bg_color="#e0e0e0" />
    <disable    bg_color="gray" text_color="#d0d0d0" />
  </style>
  
  <style name="candidates" text_color="black">
    <normal  />
    <pressed    bg_color="#c0c0c0" border_color="#a0a0a0"/>
    <over       bg_color="#e0e0e0" border_color="#a0a0a0"/>
  </style>
  
  <style name="close" text_color="black" text_align_h="center" text_align_v="middle">
    <normal  bg_color="#f0f0f0"/>
    <pressed    bg_color="#c0c0c0" border_color="#a0a0a0"/>
    <over       bg_color="#e0e0e0" border_color="#a0a0a0"/>
  </style>
</button>

<candidates>
  <style name="default">
    <normal     bg_color="#fafafa" />
  </style>
</candidates>

<keyboard>
  <style name="default">
    <normal bg_color="#cfd4da"/>
  </style>
</keyboard>

<column>
  <style name="placeholder">
    <normal bg_color="#f0f0f0"/>
  </style>
</column>

