<window x="0" y="0" w="320" h="480" children_layout="default(r=8,c=2,s=10,m=10)">
  <button name="open:dialog2" text="none"/>
  <button name="open:dialog1" text="center scale"/>
  <button name="open:fade" text="fade"/>
  <button name="open:popdown" text="popdown"/>
  <button name="open:popup" text="popup"/>
  <button name="open:htranslate" text="htranslate"/>
  <button name="open:vtranslate" text="vtranslate"/>
  <button name="open:slide_left" text="slide_left"/>
  <button name="open:slide_right" text="slide_right"/>
  <button name="open:slide_up" text="slide_up"/>
  <button name="open:slide_down" text="slide_down"/>
  <button name="close" text="Close"/>
</window>
