<window anim_hint="htranslate" children_layout="default(c=1,h=30,s=10)">
  <digit_clock format="h:m" />
  <digit_clock format="hh:mm" />
  <digit_clock format="h:m:s"/>
  <digit_clock format="hh:mm:ss"/>
  <digit_clock format="Y/M/D"/>
  <digit_clock format="YY-MM-DD"/>
  <digit_clock format="Y/M/D h:mm:ss"/>
  <digit_clock format="YY/MM/DD h:mm:ss"/>
  <digit_clock style="green" format="W(w)"/>
  <digit_clock style="green" format="MMM(M) W(w)"/>
  <button name="close" self_layout="default(x=center,y=bottom:10,w=50%,h=30)" 
    floating="true" text="Close"/>
</window>
