<window anim_hint="htranslate">
  <list_view x="0"  y="30" w="100%" h="-80" item_height="60">
    <scroll_view name="view" x="0"  y="0" w="100%" h="100%">
      <list_item style="odd" children_layout="default(rows=1,cols=0)">
        <image draw_type="icon" w="30" image="earth"/>
        <label w="-30" text="1.Hello AWTK !">
          <switch x="r:10" y="m" w="60" h="20"/>
        </label>
      </list_item>
      <list_item style="even" children_layout="default(rows=1,cols=0)">
        <image draw_type="icon" w="30" image="earth"/>
        <label w="-30" text="2.Hello AWTK !">
          <switch x="r:10" y="m" w="60" h="20"/>
        </label>
      </list_item>
      <list_item style="odd" children_layout="default(rows=1,cols=0)">
        <image draw_type="icon" w="30" image="earth"/>
        <label w="-30" text="3.Hello AWTK !">
          <switch x="r:10" y="m" w="60" h="20"/>
        </label>
      </list_item>
      <list_item style="even" children_layout="default(rows=1,cols=0)">
        <image draw_type="icon" w="30" image="earth"/>
        <label w="-30" text="4.Hello AWTK !">
          <switch x="r:10" y="m" w="60" h="20"/>
        </label>
      </list_item>
      <list_item style="odd" children_layout="default(rows=1,cols=0)">
        <image draw_type="icon" w="30" image="earth"/>
        <label w="-30" text="5.Hello AWTK !">
          <switch x="r:10" y="m" w="60" h="20"/>
        </label>
      </list_item>
      <list_item style="even" children_layout="default(rows=1,cols=0)">
        <image draw_type="icon" w="30" image="earth"/>
        <label w="-30" text="6.Hello AWTK !">
          <switch x="r:10" y="m" w="60" h="20"/>
        </label>
      </list_item>
      <list_item style="odd" children_layout="default(rows=1,cols=0)">
        <image draw_type="icon" w="30" image="earth"/>
        <label w="-30" text="7.Hello AWTK !">
          <switch x="r:10" y="m" w="60" h="20"/>
        </label>
      </list_item>
      <list_item style="even" children_layout="default(rows=1,cols=0)">
        <image draw_type="icon" w="30" image="earth"/>
        <label w="-30" text="8.Hello AWTK !">
          <switch x="r:10" y="m" w="60" h="20"/>
        </label>
      </list_item>
      <list_item style="odd" children_layout="default(rows=1,cols=0)">
        <image draw_type="icon" w="30" image="earth"/>
        <label w="-30" text="9.Hello AWTK !">
          <switch x="r:10" y="m" w="60" h="20"/>
        </label>
      </list_item>
      <list_item style="even" children_layout="default(rows=1,cols=0)">
        <image draw_type="icon" w="30" image="earth"/>
        <label w="-30" text="10.Hello AWTK !">
          <switch x="r:10" y="m" w="60" h="20"/>
        </label>
      </list_item>
      <list_item style="odd" children_layout="default(rows=1,cols=0)">
        <image draw_type="icon" w="30" image="earth"/>
        <label w="-30" text="11.Hello AWTK !">
          <switch x="r:10" y="m" w="60" h="20"/>
        </label>
      </list_item>
      <list_item style="even" children_layout="default(rows=1,cols=0)">
        <image draw_type="icon" w="30" image="earth"/>
        <label w="-30" text="12.Hello AWTK !">
          <switch x="r:10" y="m" w="60" h="20"/>
        </label>
      </list_item>
      <list_item style="odd" children_layout="default(rows=1,cols=0)">
        <image draw_type="icon" w="30" image="earth"/>
        <label w="-30" text="13.Hello AWTK !">
          <switch x="r:10" y="m" w="60" h="20"/>
        </label>
      </list_item>
      <list_item style="even" children_layout="default(rows=1,cols=1,m=15)">
        <edit text="zlg awtk"/>
      </list_item>
      <list_item style="odd" children_layout="default(rows=1,cols=1,m=15)">
        <slider value="50"/>
      </list_item>
      <list_item style="even" children_layout="default(rows=1,cols=1,m=15)">
        <combo_box readonly="true" tr_text="ok" options="1:ok;2:cancel;"/>
      </list_item>
      <list_item style="even_clickable" name="clone_self" text="Clone Self" />
      <list_item style="odd_clickable" name="clone_self" text="Clone Self" />
      <list_item style="even_clickable" name="remove_self" text="Remove Self" />
      <list_item style="odd_clickable" name="remove_self" text="Remove Self" />
    </scroll_view>
    <scroll_bar_m name="bar" x="right" y="0" w="6" h="100%" value="0"/>
  </list_view>
  <button name="close" x="center" y="bottom:10" w="50%" h="30" text="close"/>
</window>
