<window anim_hint="htranslate" children_layout="default(h=30,c=1,m=5,s=10)">
    <button name="open:slide_view_h" text="slide_view_h"/>
    <button name="open:slide_view_h1" text="slide_view_h1"/>
    <button name="open:slide_view_h2" text="slide_view_h2"/>
    <button name="open:slide_view_v" text="slide_view_v"/>
    <button name="open:slide_view_v1" text="slide_view_v1"/>
    <button name="open:slide_view_v2" text="slide_view_v2"/>
    <button name="open:slide_view_h_loop" text="slide_view_h loop"/>
    <button name="open:slide_view_v_loop" text="slide_view_v loop"/>
    <button name="open:auto_play_${device_orientation},auto_play" text="auto_play"/>
    <button name="close" text="Close"/>
</window>
