<string name="ok">
<language name="en_US">OK</language>
<language name="zh_CN">确定</language>
</string>

<string name="cancel">
<language name="en_US">Cancel</language>
<language name="zh_CN">取消</language>
</string>

<string name="info">
<language name="en_US">Information</language>
<language name="zh_CN">温馨提示</language>
</string>

<string name="hello awtk">
<language name="en_US">Hello AWTK</language>
<language name="zh_CN">你好，AWTK</language>
</string>

<string name="value is %d">
<language name="en_US">value is %d</language>
<language name="zh_CN">值为%d</language>
</string>

<string name="chinese">
<language name="en_US">Chinese</language>
<language name="zh_CN">中文</language>
</string>

<string name="english">
<language name="en_US">English</language>
<language name="zh_CN">英文</language>
</string>

<string name="multi line text">
  <language name="en_US">
it
is
a
multi-line
Translate text 
(center)
  </language>
</string>
